Workbook

Sheet Summary
B2: Test Plan for Multiple Wallet 2.0 API Integration
B3: Functional Test
B10: Section | C10: Worksheet | D10: No. of Cases | E10: Completed | F10: Pass | G10: Fail
B11: ='Create Player and Transfer'!A1 -> Create Player Account and Transfer Credit | C11: Create Player and Transfer | D11: ='Create Player and Transfer'!A21 -> 7 | E11: ='Create Player and Transfer'!E21 -> 0 | F11: ='Create Player and Transfer'!F21 -> 0 | G11: ='Create Player and Transfer'!G21 -> 0
B12: =Login!A1 -> Login AllBet Game | C12: Login | D12: =Login!A19 -> 5 | E12: =Login!E19 -> 0 | F12: =Login!F19 -> 0 | G12: =Login!G19 -> 0
B13: ='Player Account Management'!A1 -> Player Account Management | C13: Player Account Management | D13: ='Player Account Management'!A25 -> 7 | E13: ='Player Account Management'!F24 | F13: ='Player Account Management'!F25 -> 0 | G13: ='Player Account Management'!G25 -> 0
B14: ='Agent Operation'!A1 -> Agent Operation | C14: Agent Operation | D14: ='Agent Operation'!A36 -> 10 | E14: ='Agent Operation'!E36 -> 0 | F14: ='Agent Operation'!F36 -> 0 | G14: ='Agent Operation'!G36 -> 0
B15: ='Record Query'!A1 -> Record Query | C15: Record Query | D15: ='Record Query'!A30 -> 6 | E15: ='Record Query'!E30 -> 0 | F15: ='Record Query'!F30 -> 0 | G15: ='Record Query'!G30 -> 0
B16: Total | D16: =SUM(D11:D15) -> 35 | E16: =SUM(E11:E15) -> 0 | F16: =SUM(F11:F15) -> 0 | G16: =SUM(G11:G15) -> 0

Sheet TOC
A1: ='Create Player and Transfer'!A1 -> Create Player Account and Transfer Credit | B1: =Login!A1 -> Login AllBet Game | C1: ='Player Account Management'!A1 -> Player Account Management | D1: ='Agent Operation'!A1 -> Agent Operation | E1: ='Record Query'!A1 -> Record Query
A2: ='Create Player and Transfer'!A2 -> 1.1. Check or Create | B2: =Login!A2 -> 1.4. Login | C2: ='Player Account Management'!A2 -> 1.7. Get Player Account Setting | D2: ='Agent Operation'!A2 -> 1.11. Get Game Tables | E2: ='Record Query'!A2 -> 2.1. Query Bet Record by betNum
A3: ='Create Player and Transfer'!A8 -> 1.2. Transfer | B3: =Login!A9 -> 1.5. Login Trial | C3: ='Player Account Management'!A7 -> 1.8. Modify Player Account Setting | D3: ='Agent Operation'!A7 -> 1.12. Get Maintenance State | E3: ='Record Query'!A8 -> 2.2. Quick Query Bet Records
A4: ='Create Player and Transfer'!A15 -> 1.3. GetTransferState | B4: =Login!A14 -> 1.6. Logout | C4: ='Player Account Management'!A14 -> 1.9. Get Agent’s Handicaps | D4: ='Agent Operation'!A12 -> 1.13. Set Maintenance State | E4: ='Record Query'!A13 -> 2.3. Paging Query Bet Records
C5: ='Player Account Management'!A19 -> 1.10. Set Default Handicaps for Creating Player | D5: ='Agent Operation'!A18 -> 1.14. Get List of Online Players | E5: ='Record Query'!A19 -> 2.4. Query Modified Bet Records
D6: ='Agent Operation'!A23 -> 1.15. Get Players’ Credit Balances | E6: ='Record Query'!A25 -> 2.5. Paging Query Event Records

Sheet Create Player and Transfer
A1: Create Player Account and Transfer Credit
A2: 1.1. Check or Create
A3: API: /CheckOrCreate
A4: Case # | B4: Test Scenario | C4: Parameters | D4: Expected Results | E4: Actual Results
E5: Test Status | F5: Parameters | G5: Results
A6: CASE-1-1-1 | B6: Check if a player account exisit | C6: Request Body (JSON): { "agent":"<username of direct upline agent>", "player":"<username of an existing player>" } | D6: HTTP Status Code: 200 Response Body (JSON): { "resultCode":"PLAYER_EXIST", "message":"player:<username of the specified player> exist", "data":NULL }
A7: CASE-1-1-2 | B7: Create new player account | C7: Request Body (JSON): { "agent":"<username of direct upline agent>", "player":"<username of new player>" } | D7: HTTP Status Code: 200 Response Body (JSON): { "resultCode":"OK", "message":NULL, "data": { "player":"<username of the newly-created player>" } }
A8: 1.2. Transfer
A9: API: /Transfer
A10: Case # | B10: Test Scenario | C10: Parameters | D10: Expected Results | E10: Actual Results
E11: Test Status | F11: Parameters | G11: Results
A12: CASE-1-2-1 | B12: Transfer credit | C12: Request Body (JSON): { "sn":"<serial number>", "agent":"<direct upline agent>", "player":"<player>", "type":<type of transfer>, "amount":credit amount } | D12: HTTP Status Code: 200 Response Body (JSON): { "resultCode":"OK", "message":NULL, "data":NULL }
A13: CASE-1-2-2 | B13: Player cannot be found under the specified agent | C13: Request Body (JSON): { "sn":"<serial number>", "agent":"<agent>", "player":"<player under another agent>", "type":<type of transfer>, "amount":credit amount } | D13: HTTP Status Code: 200 Response Body (JSON): { "resultCode":"ILLEGAL_ARGUMENT", "message":"Player <player> cannot be found under the specified agent: <agent>.", "data":NULL }
A14: CASE-1-2-3 | B14: Serial number is already in use | C14: Request Body (JSON): { "sn":"<an already-used serial number>", "agent":"<direct upline agent>", "player":"<player>", "type":<type of transfer>, "amount":credit amount } | D14: HTTP Status Code: 200 Response Body (JSON): { "resultCode":"TRANS_EXISTED", "message":"sn: <the already-used sn> exist", "data":NULL }
A15: 1.3. GetTransferState
A16: API: /GetTransferState
A17: Case # | B17: Test Scenario | C17: Parameters | D17: Expected Results | E17: Actual Results
E18: Test Status | F18: Parameters | G18: Results
A19: CASE-1-3-1 | B19: Get the state of a credit transfer transaction | C19: Request Body (JSON): { "sn":"<serial number of a credit transfer transaction>" } | D19: HTTP Status Code: 200 Response Body (JSON): { "resultCode":"OK", "message":NULL, "data":{ "playerCreditBefore":<player's balance before transfer>, "playerCreditAfter":<player's balance after transfer>, "agentCreditBefore":<agent's balance before transfer>, "agentCreditAfter":<agent's balance after transfer>, "transferState":<state of credit transfer transaction> } }
A20: CASE-1-3-2 | B20: Transaction record not found | C20: Request Body (JSON): { "sn":"<a non-existing serial number>" } | D20: HTTP Status Code: 200 Response Body (JSON): { "resultCode":"TRANS_NOT_EXIST", "message":"ptc sn: <the non-existing sn> not exist", "data":NULL }
A21: =COUNTIF(A6:A20,"CASE-*") -> 7 | E21: =SUM(F21:G21) -> 0 | F21: =COUNTIF(E6:E20,"Pass") -> 0 | G21: =COUNTIF(E6:E20,"Fail") -> 0

Sheet Login
A1: Login AllBet Game
A2: 1.4. Login
A3: API: /Login
A4: Case # | B4: Test Scenario | C4: Parameters | D4: Expected Results | E4: Actual Results
E5: Test Status | F5: Parameters | G5: Results
A6: CASE-1-4-1 | B6: Login AllBet Game | C6: Request Body (JSON): { "player":"<player>" } | D6: HTTP Status Code: 200 Response Body (JSON): { "resultCode":"OK", "message":NULL, "data": { "gameLoginUrl":"<login url>" } }
A7: CASE-1-4-2 | B7: Login with specified language and return URL | C7: Request Body (JSON): { "player":"<player>", "language":"<system-supported language>", "returnUrl":"<return URL>" } | D7: HTTP Status Code: 200 Response Body (JSON): { "resultCode":"OK", "message":NULL, "data": { "gameLoginUrl":"<login url with the specified language and return URL>" } }
A8: CASE-1-4-3 | B8: Enter game table directly | C8: Request Body (JSON): { "player":"<player>", "tableName":"<table name>" } | D8: HTTP Status Code: 200 Response Body (JSON): { "resultCode":"OK", "message":NULL, "data": { "gameLoginUrl":"<login url with the specified game hall (hallType), table name and enter type (enterType)>" } }
A9: 1.5. Login Trial
A10: API: /LoginTrial
A11: Case # | B11: Test Scenario | C11: Parameters | D11: Expected Results | E11: Actual Results
E12: Test Status | F12: Parameters | G12: Results
A13: CASE-1-5-1 | B13: Login AllBet trial game with specified language and return URL | C13: Request Body (JSON): { "targetUrl":"<target URL>", "language":"<system-supported language>", "returnUrl":"<return URL>" } | D13: HTTP Status Code: 200 Response Body (JSON): { "resultCode":"OK", "message":NULL, "data": { "gameLoginUrl":"<login url with the specified language and return URL>" } }
A14: 1.6. Logout
A15: API: /Logout
A16: Case # | B16: Test Scenario | C16: Parameters | D16: Expected Results | E16: Actual Results
E17: Test Status | F17: Parameters | G17: Results
A18: CASE-1-6-1 | B18: Log out a player | C18: Request Body (JSON): { "player":"<player>" } | D18: HTTP Status Code: 200 Response Body (JSON): { "resultCode":"OK", "message":NULL, "data":NULL }
A19: =COUNTIF(A6:A18,"CASE-*") -> 5 | E19: =SUM(F19:G19) -> 0 | F19: =COUNTIF(E6:E18,"Pass") -> 0 | G19: =COUNTIF(E6:E18,"Fail") -> 0

Sheet Player Account Management
A1: Player Account Management
A2: 1.7. Get Player Account Setting
A3: API: /GetPlayerSetting
A4: Case # | B4: Test Scenario | C4: Parameters | D4: Expected Results | E4: Actual Results
E5: Test Status | F5: Parameters | G5: Results
A6: CASE-1-7-1 | B6: Get player account setting | C6: Request Body (JSON): { "player":"<player>" } | D6: HTTP Status Code: 200 Response Body (JSON): { "resultCode":"OK", "message":NULL, "data":{ "nickname":<nickname>, "generalHandicaps":<array of general handicaps>, "vipHandicap":"<VIP handicap>", "isAccountEnabled":<account status>, "isAllowedToBet":<if this account allowed to bet> } }
A7: 1.8. Modify Player Account Setting
A8: API: /ModifyPlayerSetting
A9: Case # | B9: Test Scenario | C9: Parameters | D9: Expected Results | E9: Actual Results
E10: Test Status | F10: Parameters | G10: Results
A11: CASE-1-8-1 | B11: Modify handicaps | C11: Request Body (JSON): { "player":"<player>", "generalHandicaps":<array of general handicap names>, "vipHandicap":"<VIP handicap name>" } | D11: HTTP Status Code: 200 Response Body (JSON): { "resultCode":"OK", "message":NULL, "data":NULL }
A12: CASE-1-8-2 | B12: Modify account status | C12: Request Body (JSON): { "player":"<player>", "isAccountEnabled":<account status>, "isAllowedToBet":<if this account allowed to bet> } | D12: HTTP Status Code: 200 Response Body (JSON): { "resultCode":"OK", "message":NULL, "data":NULL }
A13: CASE-1-8-3 | B13: Modify nickname | C13: Request Body (JSON): { "player":"<player>", "nickname":"<nickname>" } | D13: HTTP Status Code: 200 Response Body (JSON): { "resultCode":"OK", "message":NULL, "data":NULL }
A14: 1.9. Get Agent’s Handicaps
A15: API: /GetAgentHandicaps
A16: Case # | B16: Test Scenario | C16: Parameters | D16: Expected Results | E16: Actual Results
E17: Test Status | F17: Parameters | G17: Results
A18: CASE-1-9-1 | B18: Get player account setting | C18: Request Body (JSON): { "agent":"<agent>" } | D18: HTTP Status Code: 200 Response Body (JSON): { "resultCode":"OK", "message":NULL, "data":{ "generalHandicaps":<array of general handicaps>, "vipHandicaps":<array of VIP handicaps> } } Handicap: { "id":<handicap ID>, "name":"<handicap name>", "lowerLimit":"minimum bet limit", "upperLimit":"maxmium bet limit" }
A19: 1.10. Set Default Handicaps for Creating Player
A20: API: /SetDefaultHandicapsForCreatingPlayer
A21: Case # | B21: Test Scenario | C21: Parameters | D21: Expected Results | E21: Actual Results
E22: Test Status | F22: Parameters | G22: Results
A23: CASE-1-10-1 | B23: Set default handicaps for creating player | C23: Request Body (JSON): { "agent":"<agent account username>", "generalHandicaps":<array of general handicap names>, "vipHandicap":"<VIP handicap name>" } | D23: HTTP Status Code: 200 Response Body (JSON): { "resultCode":"OK", "message":NULL, "data":NULL }
A24: CASE-1-10-2 | B24: Handicaps not found | C24: Request Body (JSON): { "agent":"<agent account username>", "generalHandicaps":<array of general handicap names not in upline agent's handicaps>, "vipHandicap":"<VIP handicap name>" } | D24: HTTP Status Code: 200 Response Body (JSON): { "resultCode":"ILLEGAL_ARGUMENT", "message":"agent's handicaps not contains: [<the specified handicap names>]", "data":NULL }
A25: =COUNTIF(A6:A24,"CASE-*") -> 7 | E25: =SUM(F25:G25) -> 0 | F25: =COUNTIF(E6:E24,"Pass") -> 0 | G25: =COUNTIF(E6:E24,"Fail") -> 0

Sheet Agent Operation
A1: Agent Operation
A2: 1.11. Get Game Tables
A3: API: /GetGameTables
A4: Case # | B4: Test Scenario | C4: Parameters | D4: Expected Results | E4: Actual Results
E5: Test Status | F5: Parameters | G5: Results
A6: CASE-1-11-1 | B6: Get player account setting | C6: Request Body (JSON): { "agent":"<agent>" } | D6: HTTP Status Code: 200 Response Body (JSON): { "resultCode":"OK", "message":NULL, "data":{ "tables":<array of table info.> } } Table Info: { "tableName":"<table name>", "gameType":<game type> }
A7: 1.12. Get Maintenance State
A8: API: /GetMaintenanceState
A9: Case # | B9: Test Scenario | C9: Parameters | D9: Expected Results | E9: Actual Results
E10: Test Status | F10: Parameters | G10: Results
A11: CASE-1-12-1 | B11: Modify handicaps | C11: Request Body (JSON): N/A | D11: HTTP Status Code: 200 Response Body (JSON): { "resultCode":"OK", "message":NULL, "data":{ "state":<state of maintenance> } }
A12: 1.13. Set Maintenance State
A13: API: /SetMaintenanceState
A14: Case # | B14: Test Scenario | C14: Parameters | D14: Expected Results | E14: Actual Results
E15: Test Status | F15: Parameters | G15: Results
A16: CASE-1-13-1 | B16: Set to maintenance | C16: Request Body (JSON): { "state":1 } | D16: HTTP Status Code: 200 Response Body (JSON): { "resultCode":"OK", "message":NULL, "data":NULL }
A17: CASE-1-13-2 | B17: Set to Normal | C17: Request Body (JSON): { "state":0 } | D17: HTTP Status Code: 200 Response Body (JSON): { "resultCode":"OK", "message":NULL, "data":NULL }
A18: 1.14. Get List of Online Players
A19: API: /GetOnlinePlayers
A20: Case # | B20: Test Scenario | C20: Parameters | D20: Expected Results | E20: Actual Results
E21: Test Status | F21: Parameters | G21: Results
A22: CASE-1-14-1 | B22: Get list of online players | C22: Request Body (JSON): { "agent":"<agent>" } | D22: HTTP Status Code: 200 Response Body (JSON): { "resultCode":"OK", "message":NULL, "data":{ "players":<array of online players> } }
A23: 1.15. Get Players’ Credit Balances
A24: API: /GetBalances
A25: Case # | B25: Test Scenario | C25: Parameters | D25: Expected Results | E25: Actual Results
E26: Test Status | F26: Parameters | G26: Results
A27: CASE-1-15-1 | B27: Get balances of direct underline players | C27: Request Body (JSON): { "agent":"<agent>", "pageSize":<number of records shown in one single page>, "pageIndex":<page number>, "recursion":0 } | D27: HTTP Status Code: 200 Response Body (JSON): { "resultCode":"OK", "message":NULL, "data":{ "list":<array of players' credit balance info.>, "count":<total number of records" } } Credit Balance Info.: { "player":"<player>", "amount":credit amount, "currency":"<account's currency>" }
A28: CASE-1-15-2 | B28: Get balances of all underline players | C28: Request Body (JSON): { "agent":"<agent>", "pageSize":<number of records shown in one single page>, "pageIndex":<page number>, "recursion":1 } | D28: HTTP Status Code: 200 Response Body (JSON): { "resultCode":"OK", "message":NULL, "data":{ "list":<array of players' credit balance info.>, "count":<total number of records" } } Credit Balance Info.: { "player":"<player>", "amount":credit amount, "currency":"<account's currency>" }
A29: CASE-1-15-3 | B29: Get balances of specified players | C29: Request Body (JSON): { "agent":"<agent>", "pageSize":<number of records shown in one single page>, "pageIndex":<page number>, "recursion":<direct / all underline players>, "players":<array of specified players> } | D29: HTTP Status Code: 200 Response Body (JSON): { "resultCode":"OK", "message":NULL, "data":{ "list":<array of credit balance info. of the specified players>, "count":<total number of records" } } Credit Balance Info.: { "player":"<player>", "amount":credit amount, "currency":"<account's currency>" }
A30: 1.16. Get Winning Bet Types
A31: API: /QueryWinningBetType
A32: Case # | B32: Test Scenario | C32: Parameters | D32: Expected Results | E32: Actual Results
E33: Test Status | F33: Parameters | G33: Results
A34: CASE-1-16-1 | B34: Get list of winning bet types from the specified game result | C34: Request Body (JSON): { "gameType":<game type>, "gameResult":"<game result>" } | D34: HTTP Status Code: 200 Response Body (JSON): { "resultCode":"OK", "message":NULL, "data":{ "betTypes":<array of winning bet types> } }
A35: CASE-1-16-2 | B35: Game type does not match with game result | C35: Request Body (JSON): { "gameType":<game type>, "gameResult":"<game result>" } | D35: HTTP Status Code: 200 Response Body (JSON): { "resultCode":"ILLEGAL_ARGUMENT", "message":"invalid format, <the specified game result>", "data":NULL }
A36: =COUNTIF(A6:A35,"CASE-*") -> 10 | E36: =SUM(F36:G36) -> 0 | F36: =COUNTIF(E6:E35,"Pass") -> 0 | G36: =COUNTIF(E6:E35,"Fail") -> 0

Sheet Record Query
A1: Record Query
A2: 2.1. Query Bet Record by betNum
A3: API: /QueryBetRecordByBetNum
A4: Case # | B4: Test Scenario | C4: Parameters | D4: Expected Results | E4: Actual Results
E5: Test Status | F5: Parameters | G5: Results
A6: CASE-2-1-1 | B6: Query one single bet record by betNum | C6: Request Body (JSON): { "betNum":<betNum> } | D6: HTTP Status Code: 200 Response Body (JSON): { "resultCode":"OK", "message":NULL, "data":{ "player":"<player>", "betNum":<betNum>, "betTime":"betting time", "gameRoundId":<game round ID>, "betAmount":<bet amount>, "validAmount":<valid bet amount>, "winOrLossAmount":<win/loss amount>, "gameType":<game type>, "status":<bet record statue>, "currency":"<currency>", "betType":<bet type>, "gameResult":"<game result>", "exchangeRate":<exchange rate>, "gameRoundEndTime":"<game round end time>", "commission":<commission>, "tableName":"<table name>", "gameRoundStartTime":"<game round end time>", "gameResult2":"<game result 2>", "appType":<app type>, "betMethod":<bet method>, "ip":"<player's IP>", "deposit":<deposit> } }
A7: CASE-2-1-2 | B7: Bet record does not exist | C7: Request Body (JSON): { "betNum":<a non-existing betNum> } | D7: HTTP Status Code: 200 Response Body (JSON): { "resultCode":"OK", "message":"betNum: <specified betNum> not found", "data":NULL }
A8: 2.2. Quick Query Bet Records
A9: API: /QuickQueryBetRecords
A10: Case # | B10: Query one single bet record by betNum | C10: Parameters | D10: Expected Results | E10: Actual Results
E11: Test Status | F11: Parameters | G11: Results
A12: CASE-2-2-1 | B12: Query bet records in one specific minute within 90 days | C12: Request Body (JSON): { "agent":<agent>, "date":<date of query>, "startTime":<start time of query> } | D12: HTTP Status Code: 200 Response Body (JSON): { "resultCode":"OK", "message":NULL, "data":{ "startDateTime":"<start time of query>", "endDateTime":"<end time of query>", "list":<array of bet records> } }
A13: 2.3. Paging Query Bet Records
A14: API: /PagingQueryBetRecords
A15: Case # | B15: Test Scenario | C15: Parameters | D15: Expected Results | E15: Actual Results
E16: Test Status | F16: Parameters | G16: Results
A17: CASE-2-3-1 | B17: Query bet records in maximum of 1 hour within 90 days | C17: Request Body (JSON): { "agent":"<agent>", "date":"<date of query>", "startTime":"<start time of query>", "endTime":"<end time of query>", "pageNum":<page number>, "pageSize":<number of records shown in one single page> } | D17: HTTP Status Code: 200 Response Body (JSON): { "resultCode":"OK", "message":NULL, "data":{ "startDateTime":"<start time of query>", "endDateTime":"<end time of query>", "total":<total number of records>, "pageSize":<specified page size>, "pageNum":<specified page number>, "list":<array of bet records> } }
A18: =COUNTIF(A7:A17,"CASE-*") -> 3 | E18: =SUM(F18:G18) -> 0 | F18: =COUNTIF(E7:E17,"Pass") -> 0 | G18: =COUNTIF(E7:E17,"Fail") -> 0
A19: 2.4. Query Modified Bet Records
A20: API: /QueryModifiedBetRecords
A21: Case # | B21: Test Scenario | C21: Parameters | D21: Expected Results | E21: Actual Results
E22: Test Status | F22: Parameters | G22: Results
A23: CASE-2-4-1 | B23: Query modified bet records in maximum of 1 hour within 90 days | C23: Request Body (JSON): { "agent":"<agent>", "date":"<date of query>", "startTime":"<start time of query>", "endTime":"<end time of query>" } | D23: HTTP Status Code: 200 Response Body (JSON): { "resultCode":"OK", "message":NULL, "data":{ "startDateTime":"<start time of query>", "endDateTime":"<end time of query>", "total":<total number of records>, "list":<array of bet records> } }
A24: =COUNTIF(A6:A23,"CASE-*") -> 5 | E24: =SUM(F24:G24) -> 0 | F24: =COUNTIF(E6:E23,"Pass") -> 0 | G24: =COUNTIF(E6:E23,"Fail") -> 0
A25: 2.5. Paging Query Event Records
A26: API: /PagingQueryEventRecords
A27: Case # | B27: Test Scenario | C27: Parameters | D27: Expected Results | E27: Actual Results
E28: Test Status | F28: Parameters | G28: Results
A29: CASE-2-5-1 | B29: Query event records within the last 90 days | C29: Request Body (JSON): { "eventType":<event type>, "eventCode":"<event identification code>", "agent":"<agent account username>", "startDateTime":"<query start time>", "endDateTime":"<query end time>", "pageNum":<page number>, "pageSize":<number of records shown in one single page> } | D29: HTTP Status Code: 200 Response Body (JSON): { "resultCode":"OK", "message":NULL, "data":{ "startDateTime":"<start time of query>", "endDateTime":"<end time of query>", "total":<total number of records>, "pageNum":<page number>, "pageSize":<number of records shown in one single page>, "list":<array of event records> } }
A30: =COUNTIF(A6:A29,"CASE-*") -> 6 | E30: =SUM(F30:G30) -> 0 | F30: =COUNTIF(E6:E29,"Pass") -> 0 | G30: =COUNTIF(E6:E29,"Fail") -> 0
